x;tx;T_x
77;85;85
83;85;85
56;83;85
65;85;85
77;85;85
78;85;85
78;85;85
57;83;85
83;85;85
79;85;85
57;78;85
36;84;85
74;85;85
74;85;85
82;85;85
63;83;85
80;85;85
81;85;85
79;85;85
83;85;85
58;85;85
36;85;85
85;85;85
81;85;85
67;85;85
55;85;85
81;85;85
19;78;85
57;85;85
83;85;85
81;85;85
5;82;85
85;85;85
75;85;85
21;84;85
73;85;85
71;85;85
81;85;85
73;85;85
77;85;85
65;83;85
81;85;85
39;83;85
54;85;85
54;85;85
78;85;85
84;85;85
52;85;85
65;85;85
57;85;85
52;83;85
85;85;85
76;85;85
83;85;85
56;84;85
80;85;85
78;85;85
84;85;85
47;85;85
76;85;85
54;83;85
47;84;85
50;84;85
81;85;85
84;85;85
19;79;85
78;85;85
76;85;85
84;85;85
85;85;85
76;85;85
57;85;85
79;85;85
83;85;85
71;85;85
57;85;85
84;85;85
85;85;85
83;85;85
78;83;85
84;85;85
85;85;85
85;85;85
43;85;85
78;84;85
81;84;85
81;85;85
82;85;85
85;85;85
67;85;85
30;82;85
67;85;85
74;85;85
85;85;85
84;85;85
85;85;85
84;84;85
75;85;85
69;84;85
60;83;85
83;85;85
35;85;85
66;84;85
17;33;85
55;82;85
85;85;85
81;85;85
84;85;85
50;81;85
81;85;85
77;84;85
79;85;85
83;85;85
81;85;85
82;85;85
82;85;85
61;84;85
85;85;85
75;85;85
84;85;85
33;84;85
72;85;85
80;85;85
82;85;85
54;85;85
82;85;85
49;84;85
82;85;85
84;85;85
54;85;85
43;84;85
83;85;85
77;85;85
75;84;85
84;85;85
11;80;85
80;85;85
49;85;85
63;84;85
75;85;85
73;85;85
43;85;85
29;83;85
75;85;85
73;85;85
85;85;85
82;85;85
80;85;85
84;85;85
32;70;85
74;85;85
68;85;85
84;85;85
83;84;85
84;85;85
40;84;85
45;83;85
85;85;85
85;85;85
84;85;85
82;84;85
80;84;85
83;85;85
64;85;85
81;85;85
83;85;85
75;85;85
61;85;85
58;85;85
85;85;85
38;82;85
46;85;85
77;84;85
83;85;85
82;85;85
66;85;85
26;83;85
9;76;85
64;84;85
73;85;85
83;85;85
84;85;85
69;85;85
81;85;85
76;85;85
77;85;85
70;84;85
3;44;85
65;85;85
85;85;85
82;85;85
51;81;85
71;83;85
46;85;85
29;83;85
73;84;85
79;85;85
77;85;85
73;85;85
84;85;85
84;85;85
79;85;85
75;85;85
81;85;85
84;85;85
81;85;85
50;83;85
57;84;85
76;84;85
81;85;85
79;85;85
68;85;85
84;85;85
36;80;85
82;84;85
84;85;85
85;85;85
43;85;85
50;85;85
2;1;85
70;84;85
72;85;85
7;49;85
58;84;85
85;85;85
74;85;85
69;85;85
82;85;85
76;85;85
71;85;85
85;85;85
53;83;85
74;85;85
78;85;85
78;85;85
84;85;85
76;85;85
39;85;85
28;82;85
38;84;85
66;85;85
69;85;85
75;85;85
73;85;85
16;73;85
30;82;85
39;83;85
85;85;85
57;84;85
80;85;85
83;85;85
36;84;85
81;85;85
42;83;85
76;85;85
82;85;85
82;85;85
85;85;85
68;85;85
85;85;85
66;85;85
35;84;85
82;84;85
43;85;85
85;85;85
85;85;85
81;85;85
72;79;85
85;85;85
63;85;85
81;85;85
66;85;85
77;85;85
77;85;85
43;83;85
78;85;85
85;85;85
85;85;85
24;78;85
84;84;85
81;85;85
83;85;85
84;85;85
82;85;85
83;85;85
80;85;85
32;84;85
84;85;85
42;82;85
71;85;85
77;85;85
74;85;85
75;83;85
68;85;85
79;85;85
25;75;85
67;84;85
67;85;85
82;85;85
81;84;85
81;85;85
68;84;85
83;85;85
75;85;85
73;85;85
58;85;85
74;84;85
76;85;85
58;85;85
80;85;85
70;85;85
85;85;85
80;85;85
59;85;85
76;85;85
85;85;85
81;85;85
76;85;85
75;85;85
48;85;85
77;85;85
71;85;85
77;85;85
35;81;85
78;85;85
81;85;85
79;85;85
58;81;85
17;77;85
74;84;85
62;85;85
48;83;85
82;85;85
84;85;85
27;84;85
16;63;85
3;61;85
73;85;85
23;39;85
84;85;85
80;85;85
82;85;85
84;85;85
76;85;85
70;85;85
77;83;85
84;85;85
1;32;85
38;85;85
17;76;85
70;85;85
73;85;85
82;85;85
74;84;85
80;85;85
84;85;85
84;85;85
72;83;85
70;84;85
73;84;85
77;84;85
83;85;85
85;85;85
80;85;85
64;84;85
59;85;85
83;85;85
83;85;85
84;85;85
84;85;85
78;85;85
84;85;85
69;85;85
85;85;85
67;84;85
83;85;85
81;84;85
70;85;85
74;85;85
19;83;85
81;85;85
80;85;85
72;85;85
53;85;85
16;34;85
84;85;85
83;85;85
74;85;85
80;85;85
42;85;85
55;83;85
46;84;85
70;85;85
84;85;85
74;84;85
83;85;85
83;85;85
37;80;85
81;85;85
30;85;85
80;84;85
71;85;85
81;82;85
29;82;85
85;85;85
71;85;85
81;85;85
34;84;85
78;85;85
67;85;85
63;85;85
70;85;85
72;85;85
84;85;85
83;85;85
66;84;85
38;83;85
73;84;85
82;84;85
70;83;85
82;85;85
74;85;85
79;85;85
85;85;85
83;85;85
84;85;85
81;85;85
81;85;85
76;85;85
78;85;85
81;85;85
75;85;85
62;85;85
73;85;85
85;85;85
29;83;85
81;85;85
30;84;85
70;85;85
83;85;85
81;85;85
76;85;85
57;85;85
67;85;85
75;85;85
76;83;85
78;85;85
74;83;85
85;85;85
83;85;85
59;81;85
82;85;85
85;85;85
61;85;85
46;84;85
78;85;85
84;85;85
85;85;85
9;82;85
54;85;85
72;85;85
27;85;85
85;85;85
30;85;85
4;56;85
62;85;85
85;85;85
65;85;85
85;85;85
85;85;85
36;85;85
85;85;85
85;85;85
83;85;85
84;85;85
80;85;85
84;85;85
85;85;85
73;84;85
84;85;85
84;85;85
82;85;85
84;85;85
42;83;85
59;85;85
66;85;85
51;85;85
84;85;85
75;85;85
50;85;85
73;85;85
80;85;85
74;85;85
70;85;85
65;84;85
77;85;85
50;83;85
27;80;85
13;75;85
80;85;85
82;85;85
71;85;85
83;85;85
71;85;85
66;85;85
56;85;85
78;85;85
85;85;85
43;85;85
59;85;85
67;85;85
80;85;85
79;85;85
55;84;85
83;85;85
85;85;85
85;85;85
70;85;85
38;82;85
75;85;85
73;85;85
85;85;85
78;85;85
79;85;85
85;85;85
81;85;85
82;85;85
85;85;85
82;85;85
84;85;85
80;85;85
85;85;85
85;85;85
85;85;85
74;85;85
81;85;85
75;85;85
44;84;85
85;85;85
71;85;85
85;85;85
75;81;85
84;85;85
81;85;85
55;85;85
85;85;85
19;85;85
85;85;85
12;84;85
85;85;85
85;85;85
63;84;85
85;85;85
76;85;85
85;85;85
48;85;85
84;85;85
48;85;85
66;85;85
62;85;85
41;85;85
80;85;85
38;85;85
52;84;85
82;85;85
42;83;85
85;85;85
70;84;85
84;85;85
78;85;85
84;85;85
78;85;85
80;85;85
69;85;85
77;85;85
43;79;85
59;85;85
85;85;85
85;85;85
83;85;85
43;85;85
75;85;85
78;85;85
81;85;85
72;84;85
83;85;85
85;85;85
85;85;85
64;85;85
71;81;85
77;85;85
78;85;85
19;75;85
83;85;85
85;85;85
85;85;85
84;85;85
83;85;85
74;85;85
85;85;85
42;84;85
79;85;85
78;85;85
85;85;85
77;85;85
82;85;85
79;85;85
84;85;85
85;85;85
85;85;85
71;85;85
70;85;85
75;85;85
78;85;85
72;85;85
85;85;85
76;85;85
83;85;85
60;85;85
23;82;85
83;85;85
76;85;85
71;85;85
80;85;85
85;85;85
83;85;85
85;85;85
81;85;85
23;84;85
39;83;85
17;85;85
29;84;85
75;85;85
79;85;85
79;85;85
79;84;85
85;85;85
81;84;85
83;84;85
33;84;85
85;85;85
77;85;85
66;85;85
81;85;85
32;82;85
83;85;85
77;85;85
66;85;85
82;85;85
74;85;85
45;84;85
85;85;85
76;84;85
23;85;85
84;85;85
78;85;85
68;85;85
84;85;85
49;85;85
33;85;85
84;85;85
41;84;85
83;85;85
68;85;85
75;85;85
83;85;85
80;85;85
75;85;85
34;84;85
84;85;85
72;84;85
78;84;85
83;85;85
84;85;85
51;84;85
83;85;85
79;85;85
79;85;85
85;85;85
58;84;85
56;84;85
85;85;85
84;85;85
80;84;85
81;84;85
63;84;85
83;85;85
45;84;85
45;85;85
72;84;85
84;85;85
63;85;85
85;85;85
79;85;85
46;85;85
43;85;85
82;85;85
79;84;85
78;85;85
85;85;85
85;85;85
85;85;85
80;85;85
81;85;85
85;85;85
81;85;85
83;85;85
84;85;85
71;84;85
82;84;85
51;84;85
70;85;85
84;85;85
76;85;85
25;52;85
81;85;85
65;84;85
59;85;85
84;85;85
82;85;85
84;85;85
75;85;85
73;85;85
82;84;85
77;85;85
82;85;85
85;85;85
85;85;85
43;84;85
58;85;85
82;85;85
49;83;85
85;85;85
80;85;85
80;85;85
70;85;85
76;85;85
73;84;85
58;85;85
58;85;85
67;85;85
84;85;85
85;85;85
63;85;85
84;85;85
75;84;85
77;85;85
82;85;85
76;85;85
85;85;85
74;84;85
82;85;85
53;85;85
85;85;85
61;85;85
76;85;85
67;84;85
81;84;85
77;85;85
35;77;85
67;85;85
82;85;85
84;85;85
66;85;85
41;83;85
79;85;85
39;69;85
64;84;85
71;85;85
85;85;85
84;85;85
68;85;85
85;85;85
78;85;85
83;85;85
71;85;85
9;48;85
77;85;85
85;85;85
78;85;85
85;85;85
83;85;85
76;85;85
85;85;85
83;85;85
69;85;85
80;85;85
85;85;85
29;81;85
70;85;85
59;85;85
68;85;85
81;85;85
83;85;85
84;84;85
65;85;85
82;84;85
50;84;85
71;85;85
73;84;85
72;85;85
78;82;85
81;85;85
77;85;85
61;83;85
72;85;85
56;85;85
83;85;85
77;85;85
34;40;85
83;85;85
52;85;85
79;84;85
70;85;85
85;85;85
68;85;85
72;83;85
63;72;85
77;84;85
85;85;85
81;85;85
16;84;85
83;85;85
69;84;85
84;85;85
80;85;85
56;85;85
83;85;85
35;83;85
29;84;85
72;85;85
79;85;85
75;85;85
41;85;85
49;85;85
67;85;85
63;85;85
79;85;85
73;82;85
82;85;85
75;83;85
43;85;85
84;85;85
81;85;85
69;85;85
48;83;85
30;84;85
84;85;85
80;85;85
45;84;85
78;85;85
51;83;85
85;85;85
80;85;85
84;85;85
67;85;85
76;85;85
84;85;85
71;85;85
66;85;85
81;84;85
81;85;85
21;82;85
79;85;85
76;85;85
36;84;85
58;85;85
70;85;85
63;84;85
52;83;85
84;85;85
49;84;85
76;84;85
78;85;85
46;82;85
78;85;85
81;85;85
77;84;85
82;84;85
81;84;85
77;85;85
49;79;85
81;85;85
51;85;85
42;77;85
70;85;85
83;84;85
74;85;85
80;85;85
3;37;85
47;84;85
38;85;85
85;85;85
79;85;85
85;85;85
82;85;85
77;84;85
43;85;85
69;85;85
66;85;85
79;84;85
85;85;85
73;85;85
51;85;85
58;85;85
77;84;85
83;85;85
84;85;85
85;85;85
80;85;85
82;85;85
85;85;85
45;83;85
78;85;85
81;85;85
47;85;85
42;85;85
85;85;85
80;85;85
83;85;85
76;85;85
85;85;85
85;85;85
79;85;85
70;85;85
53;84;85
65;85;85
64;85;85
30;78;85
80;85;85
83;85;85
76;85;85
66;85;85
34;85;85
45;85;85
66;82;85
82;85;85
85;85;85
85;85;85
50;85;85
85;85;85
85;85;85
81;85;85
43;85;85
70;84;85
84;85;85
81;85;85
17;74;85
83;85;85
74;85;85
66;85;85
33;85;85
84;85;85
81;85;85
82;85;85
77;85;85
77;85;85
47;85;85
81;84;85
80;85;85
75;85;85
21;84;85
75;85;85
84;85;85
85;85;85
84;85;85
84;85;85
83;85;85
22;82;85
77;85;85
85;85;85
68;85;85
69;84;85
85;85;85
73;85;85
57;85;85
79;85;85
83;85;85
44;85;85
79;85;85
71;84;85
80;85;85
43;85;85
85;85;85
85;85;85
61;85;85
78;85;85
74;85;85
84;85;85
71;85;85
8;62;85
82;85;85
71;84;85
29;84;85
84;85;85
83;85;85
72;85;85
15;80;85
70;85;85
34;84;85
85;85;85
81;85;85
80;85;85
82;85;85
85;85;85
77;85;85
75;85;85
80;85;85
19;84;85
78;85;85
84;85;85
66;85;85
81;85;85
66;85;85
85;85;85
58;85;85
59;84;85
80;85;85
83;85;85
85;85;85
72;85;85
83;85;85
8;62;85
82;85;85
27;84;85
45;83;85
83;85;85
50;85;85
85;85;85
84;85;85
83;84;85
85;85;85
81;85;85
82;85;85
58;82;85
75;85;85
51;85;85
38;84;85
80;85;85
72;85;85
77;85;85
79;84;85
65;85;85
51;84;85
60;85;85
54;85;85
73;85;85
84;85;85
82;85;85
79;85;85
74;84;85
85;85;85
72;85;85
80;84;85
77;84;85
50;85;85
65;85;85
79;85;85
44;45;85
23;76;85
81;85;85
45;75;85
85;85;85
83;85;85
52;85;85
85;85;85
80;85;85
85;85;85
37;85;85
85;85;85
71;85;85
41;85;85
73;85;85
83;84;85
85;85;85
85;85;85
84;85;85
78;85;85
78;85;85
81;85;85
85;85;85
85;85;85
84;85;85
73;83;85
83;85;85
83;85;85
82;84;85
78;85;85
25;75;85
74;85;85
74;85;85
74;85;85
78;84;85
60;85;85
84;85;85
62;85;85
58;84;85
66;80;85
58;84;85
39;84;85
83;85;85
84;85;85
83;84;85
78;85;85
20;83;85
65;84;85
41;82;85
79;85;85
85;85;85
75;85;85
73;85;85
85;85;85
50;85;85
80;85;85
82;85;85
81;84;85
80;84;85
78;85;85
84;85;85
84;85;85
85;85;85
85;85;85
74;85;85
79;85;85
81;85;85
83;85;85
77;85;85
83;85;85
82;85;85
85;85;85
27;82;85
74;84;85
84;85;85
75;85;85
81;85;85
81;85;85
57;85;85
85;85;85
80;84;85
80;85;85
78;84;85
74;85;85
53;85;85
69;85;85
36;85;85
84;85;85
83;85;85
78;84;85
53;85;85
80;85;85
82;85;85
81;85;85
83;85;85
77;85;85
20;85;85
85;85;85
78;85;85
82;85;85
60;85;85
80;85;85
60;84;85
85;85;85
65;85;85
71;85;85
78;85;85
76;85;85
34;68;85
75;83;85
82;85;85
81;85;85
82;85;85
85;85;85
77;85;85
44;85;85
82;85;85
75;85;85
82;85;85
46;83;85
60;85;85
39;84;85
83;85;85
23;85;85
82;85;85
52;85;85
70;85;85
70;84;85
69;85;85
47;84;85
82;85;85
78;85;85
77;84;85
85;85;85
72;85;85
68;85;85
81;85;85
46;84;85
82;85;85
78;85;85
80;85;85
85;85;85
84;85;85
85;85;85
50;84;85
75;85;85
81;85;85
84;85;85
84;85;85
83;85;85
85;85;85
82;85;85
63;85;85
84;85;85
63;85;85
85;85;85
80;85;85
62;84;85
70;85;85
84;85;85
78;85;85
75;85;85
85;85;85
57;84;85
84;85;85
79;85;85
68;85;85
78;85;85
44;84;85
80;85;85
84;85;85
73;84;85
82;85;85
78;85;85
48;81;85
63;83;85
77;85;85
77;85;85
76;84;85
46;85;85
66;85;85
84;85;85
64;84;85
51;85;85
72;85;85
84;85;85
62;85;85
83;85;85
85;85;85
83;84;85
85;85;85
34;83;85
66;85;85
61;85;85
67;84;85
48;84;85
78;85;85
79;85;85
77;85;85
68;84;85
63;85;85
27;81;85
40;84;85
53;84;85
65;84;85
84;85;85
81;85;85
74;85;85
36;85;85
79;85;85
77;85;85
31;85;85
60;82;85
83;85;85
66;85;85
73;85;85
57;85;85
59;85;85
81;84;85
48;85;85
61;85;85
74;83;85
30;78;85
78;85;85
52;85;85
76;85;85
85;85;85
85;85;85
78;85;85
69;84;85
64;85;85
59;85;85
74;85;85
57;85;85
84;85;85
83;85;85
75;85;85
63;85;85
70;85;85
68;84;85
82;85;85
77;85;85
65;85;85
82;84;85
82;85;85
80;85;85
76;85;85
77;85;85
82;85;85
85;85;85
59;85;85
70;85;85
83;85;85
82;85;85
76;85;85
83;85;85
69;84;85
82;85;85
82;85;85
85;85;85
75;85;85
85;85;85
47;84;85
61;83;85
84;85;85
37;84;85
20;84;85
78;85;85
83;85;85
84;84;85
82;85;85
55;83;85
80;85;85
85;85;85
85;85;85
84;85;85
54;84;85
80;85;85
44;85;85
80;85;85
78;85;85
63;82;85
72;85;85
82;85;85
44;85;85
51;84;85
28;84;85
83;85;85
81;85;85
34;83;85
82;85;85
85;85;85
64;84;85
83;85;85
71;85;85
83;85;85
75;85;85
84;84;85
80;85;85
83;85;85
62;84;85
83;85;85
85;85;85
85;85;85
37;78;85
84;85;85
63;84;85
43;85;85
68;85;85
70;85;85
78;85;85
85;85;85
45;82;85
67;85;85
83;85;85
85;85;85
82;85;85
82;85;85
37;84;85
68;85;85
51;83;85
83;85;85
10;78;85
79;85;85
83;85;85
53;85;85
80;85;85
72;84;85
71;85;85
71;85;85
85;85;85
80;85;85
81;85;85
83;85;85
51;84;85
81;85;85
45;85;85
84;85;85
80;85;85
67;85;85
19;83;85
58;84;85
53;84;85
82;85;85
62;85;85
79;84;85
80;85;85
73;85;85
80;85;85
80;85;85
79;85;85
15;83;85
67;84;85
57;85;85
78;84;85
65;83;85
83;84;85
80;85;85
40;83;85
81;85;85
83;85;85
81;85;85
34;36;85
78;85;85
60;84;85
31;84;85
82;85;85
85;85;85
62;85;85
74;85;85
69;85;85
24;85;85
65;84;85
85;85;85
78;84;85
79;85;85
82;85;85
84;85;85
68;85;85
85;85;85
57;84;85
62;85;85
80;85;85
74;85;85
78;82;85
65;85;85
68;81;85
75;85;85
42;85;85
82;85;85
85;85;85
78;85;85
77;84;85
80;85;85
8;66;85
74;85;85
50;76;85
65;85;85
59;84;85
56;82;85
49;84;85
28;83;85
84;85;85
83;85;85
78;85;85
82;85;85
36;83;85
46;85;85
83;85;85
22;83;85
57;81;85
77;85;85
81;85;85
67;85;85
85;85;85
78;85;85
80;85;85
84;85;85
84;85;85
70;85;85
59;85;85
83;85;85
82;85;85
85;85;85
70;85;85
25;82;85
82;85;85
67;85;85
85;85;85
70;85;85
73;85;85
27;85;85
83;85;85
56;85;85
58;85;85
83;85;85
52;83;85
84;85;85
32;85;85
85;85;85
78;85;85
83;85;85
29;79;85
20;83;85
84;85;85
59;85;85
81;85;85
56;81;85
56;85;85
78;85;85
60;85;85
77;84;85
66;85;85
79;85;85
85;85;85
75;85;85
60;83;85
34;34;85
81;84;85
85;85;85
76;85;85
63;84;85
85;85;85
75;85;85
85;85;85
79;85;85
44;84;85
60;85;85
40;76;85
53;85;85
74;85;85
67;85;85
82;84;85
83;85;85
68;84;85
78;84;85
50;85;85
62;85;85
83;85;85
63;84;85
78;85;85
82;85;85
70;85;85
85;85;85
41;84;85
85;85;85
70;85;85
40;81;85
83;85;85
85;85;85
61;84;85
83;85;85
84;85;85
28;82;85
84;85;85
74;85;85
69;85;85
68;85;85
79;85;85
66;85;85
82;85;85
66;84;85
84;85;85
75;85;85
85;85;85
39;82;85
53;85;85
79;85;85
51;85;85
78;85;85
85;85;85
85;85;85
39;83;85
85;85;85
66;85;85
82;84;85
53;85;85
73;85;85
84;85;85
71;85;85
76;85;85
84;85;85
57;85;85
66;85;85
79;83;85
21;82;85
78;84;85
38;83;85
47;81;85
73;84;85
68;85;85
48;84;85
58;84;85
68;85;85
66;85;85
81;85;85
49;85;85
71;85;85
69;81;85
63;85;85
78;85;85
82;85;85
85;85;85
80;84;85
82;85;85
68;85;85
70;85;85
49;84;85
53;85;85
36;43;85
63;85;85
40;84;85
31;81;85
55;85;85
82;85;85
62;85;85
78;85;85
41;84;85
71;84;85
85;85;85
82;85;85
78;84;85
76;85;85
84;85;85
67;85;85
83;85;85
80;84;85
73;85;85
76;85;85
79;85;85
85;85;85
45;84;85
68;85;85
27;28;85
57;83;85
79;84;85
80;85;85
85;85;85
85;85;85
82;85;85
83;85;85
58;85;85
46;85;85
84;85;85
85;85;85
77;85;85
61;70;85
64;84;85
68;83;85
37;85;85
83;85;85
79;85;85
81;84;85
79;85;85
77;85;85
82;85;85
75;85;85
53;83;85
85;85;85
57;84;85
61;85;85
71;84;85
78;85;85
82;85;85
51;85;85
56;85;85
71;85;85
74;85;85
82;84;85
85;85;85
83;84;85
82;85;85
84;85;85
19;78;85
80;85;85
80;85;85
85;85;85
85;85;85
85;85;85
18;84;85
60;85;85
19;82;85
77;85;85
77;85;85
83;85;85
66;85;85
39;84;85
76;85;85
6;71;85
45;85;85
48;83;85
71;85;85
72;85;85
43;85;85
14;83;85
80;85;85
59;85;85
21;76;85
49;85;85
75;85;85
83;85;85
74;85;85
66;85;85
62;84;85
51;85;85
85;85;85
77;85;85
70;85;85
62;85;85
85;85;85
79;85;85
84;85;85
45;82;85
79;85;85
83;85;85
80;85;85
84;85;85
84;85;85
74;85;85
69;84;85
75;84;85
83;85;85
84;85;85
82;85;85
82;85;85
85;85;85
55;82;85
66;84;85
74;85;85
79;85;85
83;85;85
76;85;85
78;85;85
83;85;85
68;85;85
71;83;85
67;85;85
35;85;85
65;83;85
63;85;85
81;84;85
82;85;85
42;85;85
5;75;85
59;84;85
50;85;85
50;85;85
77;85;85
85;85;85
44;83;85
64;84;85
37;84;85
71;85;85
80;85;85
82;85;85
62;85;85
78;85;85
74;85;85
71;84;85
50;84;85
82;85;85
39;85;85
63;85;85
48;85;85
82;85;85
10;84;85
75;85;85
17;69;85
79;85;85
74;85;85
83;85;85
47;82;85
84;85;85
43;84;85
46;85;85
26;84;85
63;85;85
54;84;85
85;85;85
74;85;85
81;85;85
71;84;85
79;85;85
56;83;85
85;85;85
85;85;85
85;85;85
10;19;85
84;85;85
62;85;85
58;84;85
85;85;85
71;85;85
69;85;85
61;85;85
75;85;85
27;85;85
67;84;85
66;85;85
56;85;85
85;85;85
82;85;85
68;85;85
73;85;85
84;85;85
84;85;85
71;85;85
83;85;85
55;84;85
24;83;85
85;85;85
29;84;85
61;85;85
84;84;85
68;85;85
47;85;85
80;85;85
79;85;85
79;85;85
18;68;85
79;85;85
83;85;85
83;85;85
81;85;85
25;85;85
82;85;85
77;85;85
53;85;85
70;85;85
32;84;85
71;84;85
34;85;85
82;85;85
85;85;85
81;85;85
66;85;85
85;85;85
75;85;85
74;84;85
48;85;85
79;85;85
43;83;85
82;85;85
44;84;85
54;84;85
73;84;85
83;85;85
67;84;85
59;84;85
67;84;85
62;83;85
83;85;85
83;85;85
73;85;85
85;85;85
84;85;85
47;84;85
77;84;85
83;85;85
71;84;85
81;85;85
77;84;85
78;85;85
85;85;85
80;84;85
85;85;85
70;85;85
64;84;85
77;85;85
69;85;85
77;85;85
84;85;85
85;85;85
81;85;85
18;84;85
68;85;85
82;85;85
85;85;85
51;85;85
82;85;85
83;85;85
61;85;85
64;85;85
34;84;85
81;85;85
83;85;85
67;84;85
79;85;85
59;85;85
79;85;85
81;85;85
83;85;85
84;85;85
75;85;85
68;85;85
76;85;85
66;84;85
83;85;85
84;85;85
84;85;85
85;85;85
55;85;85
49;82;85
46;84;85
67;85;85
81;85;85
83;85;85
57;85;85
85;85;85
85;85;85
81;85;85
14;84;85
75;85;85
67;85;85
52;84;85
83;85;85
85;85;85
80;85;85
85;85;85
49;84;85
85;85;85
63;85;85
80;84;85
82;85;85
85;85;85
82;85;85
85;85;85
38;83;85
85;85;85
85;85;85
58;84;85
76;85;85
84;85;85
85;85;85
69;85;85
81;85;85
85;85;85
78;85;85
81;85;85
83;85;85
81;85;85
82;85;85
43;85;85
76;85;85
85;85;85
81;85;85
19;79;85
70;84;85
61;85;85
50;84;85
5;80;85
45;85;85
54;85;85
27;43;85
53;85;85
61;85;85
85;85;85
81;85;85
81;85;85
34;84;85
74;85;85
74;85;85
56;85;85
58;84;85
41;85;85
85;85;85
78;85;85
84;85;85
68;85;85
83;85;85
73;85;85
67;85;85
70;85;85
81;85;85
75;85;85
74;84;85
75;84;85
69;85;85
66;85;85
81;85;85
72;85;85
85;85;85
73;85;85
83;85;85
21;84;85
63;85;85
62;84;85
85;85;85
82;85;85
43;85;85
85;85;85
82;85;85
69;85;85
29;82;85
82;84;85
82;85;85
75;85;85
72;85;85
12;80;85
43;82;85
64;85;85
67;84;85
66;85;85
81;85;85
15;84;85
55;85;85
53;85;85
82;85;85
85;85;85
84;85;85
55;83;85
81;85;85
73;85;85
82;85;85
61;85;85
85;85;85
69;85;85
83;85;85
85;85;85
78;85;85
53;85;85
84;85;85
83;85;85
85;85;85
70;85;85
53;84;85
85;85;85
84;85;85
84;85;85
68;85;85
11;78;85
84;85;85
39;84;85
43;85;85
75;85;85
81;85;85
2;30;85
49;80;85
76;85;85
3;19;85
80;85;85
61;83;85
82;84;85
9;67;85
31;84;85
85;85;85
83;85;85
84;85;85
71;85;85
84;85;85
79;85;85
73;85;85
80;85;85
74;85;85
12;83;85
81;85;85
84;85;85
83;85;85
64;84;85
43;85;85
79;85;85
31;84;85
8;71;85
85;85;85
72;84;85
84;85;85
81;85;85
79;85;85
41;85;85
80;85;85
83;85;85
84;85;85
84;85;85
81;85;85
76;85;85
76;85;85
54;85;85
19;83;85
76;85;85
85;85;85
83;85;85
72;84;85
60;83;85
79;85;85
85;85;85
58;84;85
84;85;85
54;85;85
81;85;85
80;84;85
18;84;85
74;85;85
74;85;85
84;84;85
65;84;85
66;85;85
69;84;85
84;85;85
84;85;85
82;85;85
63;85;85
62;84;85
61;85;85
42;85;85
64;84;85
84;85;85
83;85;85
41;82;85
67;83;85
70;84;85
72;84;85
56;85;85
53;85;85
78;84;85
32;83;85
81;84;85
7;80;85
80;85;85
72;85;85
83;85;85
81;85;85
43;84;85
64;85;85
66;85;85
51;83;85
59;85;85
82;85;85
73;85;85
37;84;85
64;85;85
21;74;85
76;85;85
85;85;85
83;85;85
84;85;85
85;85;85
76;85;85
82;85;85
59;83;85
63;84;85
82;84;85
23;80;85
76;85;85
53;85;85
80;85;85
69;85;85
82;85;85
82;85;85
81;85;85
83;84;85
85;85;85
85;85;85
83;85;85
39;83;85
85;85;85
85;85;85
82;85;85
84;85;85
85;85;85
65;84;85
84;85;85
45;84;85
85;85;85
70;85;85
83;85;85
73;85;85
69;85;85
84;85;85
16;80;85
84;85;85
73;85;85
75;85;85
52;85;85
67;81;85
59;84;85
85;85;85
61;84;85
80;85;85
80;85;85
81;85;85
83;85;85
81;85;85
80;85;85
70;85;85
75;85;85
82;85;85
77;85;85
67;85;85
80;85;85
82;85;85
81;85;85
77;85;85
85;85;85
24;85;85
60;82;85
36;82;85
85;85;85
74;85;85
75;85;85
84;85;85
69;84;85
81;84;85
82;85;85
85;85;85
83;85;85
85;85;85
20;79;85
78;84;85
13;84;85
73;85;85
85;85;85
48;85;85
57;82;85
47;83;85
5;11;85
71;85;85
27;84;85
40;82;85
51;82;85
56;85;85
63;78;85
76;85;85
65;85;85
41;67;85
85;85;85
77;85;85
82;85;85
80;84;85
72;85;85
36;81;85
85;85;85
42;85;85
53;85;85
43;84;85
82;84;85
84;85;85
81;85;85
32;83;85
76;85;85
56;84;85
82;85;85
81;85;85
65;85;85
83;85;85
85;85;85
76;85;85
70;85;85
83;85;85
84;85;85
59;85;85
69;85;85
33;82;85
84;85;85
54;85;85
63;84;85
69;85;85
65;84;85
72;85;85
84;85;85
70;85;85
82;84;85
64;84;85
81;85;85
85;85;85
72;85;85
71;85;85
68;85;85
85;85;85
81;85;85
85;85;85
68;85;85
79;84;85
22;85;85
23;84;85
84;85;85
82;85;85
80;84;85
47;83;85
85;85;85
19;81;85
71;84;85
56;84;85
82;85;85
81;84;85
69;84;85
64;85;85
85;85;85
67;85;85
76;85;85
84;85;85
57;85;85
72;85;85
30;82;85
64;85;85
59;85;85
55;85;85
71;85;85
70;85;85
85;85;85
83;85;85
79;85;85
58;85;85
61;84;85
43;85;85
69;85;85
69;85;85
81;85;85
82;85;85
80;85;85
85;85;85
33;80;85
80;84;85
20;83;85
46;85;85
85;85;85
83;85;85
82;85;85
70;84;85
55;85;85
79;85;85
58;84;85
83;85;85
83;85;85
48;84;85
82;84;85
85;85;85
85;85;85
73;85;85
60;84;85
85;85;85
77;84;85
83;85;85
82;84;85
80;85;85
44;48;85
41;85;85
82;85;85
68;85;85
59;84;85
60;83;85
85;85;85
64;85;85
61;85;85
32;33;85
85;85;85
79;85;85
55;84;85
79;85;85
76;85;85
62;85;85
85;85;85
68;85;85
82;85;85
79;84;85
15;72;85
61;82;85
20;81;85
79;83;85
78;85;85
85;85;85
57;84;85
84;85;85
57;84;85
50;82;85
77;85;85
79;83;85
78;85;85
54;85;85
35;79;85
17;78;85
77;83;85
29;85;85
78;85;85
63;84;85
82;85;85
81;85;85
84;85;85
71;85;85
76;84;85
80;85;85
39;81;85
20;85;85
56;81;85
37;83;85
74;84;85
85;85;85
74;84;85
71;85;85
85;85;85
39;83;85
51;84;85
85;85;85
62;85;85
42;83;85
71;84;85
82;85;85
79;85;85
77;85;85
80;84;85
64;84;85
74;85;85
77;85;85
65;84;85
83;85;85
58;85;85
77;85;85
35;83;85
82;85;85
81;85;85
22;77;85
84;85;85
82;85;85
82;85;85
78;85;85
55;84;85
77;85;85
76;85;85
74;85;85
84;85;85
61;84;85
82;85;85
85;85;85
55;85;85
67;85;85
79;82;85
77;83;85
78;85;85
83;85;85
81;85;85
76;85;85
60;84;85
85;85;85
84;84;85
42;85;85
84;85;85
18;81;85
83;85;85
76;85;85
85;85;85
84;85;85
82;85;85
80;84;85
61;85;85
85;85;85
74;85;85
66;85;85
84;85;85
83;84;85
83;85;85
71;84;85
85;85;85
84;85;85
45;85;85
76;85;85
75;85;85
70;85;85
57;58;85
81;85;85
83;84;85
78;85;85
72;83;85
41;83;85
85;85;85
59;85;85
81;85;85
69;85;85
84;85;85
57;85;85
84;85;85
85;85;85
45;85;85
81;84;85
82;85;85
54;84;85
69;85;85
85;85;85
71;85;85
84;85;85
70;85;85
76;85;85
64;85;85
74;85;85
62;85;85
84;85;85
82;85;85
85;85;85
84;85;85
77;84;85
85;85;85
35;83;85
85;85;85
85;85;85
84;84;85
80;85;85
79;85;85
84;85;85
82;85;85
84;85;85
82;85;85
75;85;85
84;85;85
83;85;85
54;84;85
59;83;85
57;81;85
20;82;85
72;85;85
62;85;85
76;85;85
82;85;85
49;85;85
81;85;85
68;85;85
72;85;85
64;85;85
41;72;85
69;84;85
61;85;85
84;85;85
66;85;85
80;85;85
54;82;85
70;84;85
73;85;85
74;85;85
41;81;85
81;85;85
82;85;85
49;84;85
7;66;85
81;85;85
70;85;85
36;84;85
79;82;85
80;85;85
81;84;85
25;82;85
72;85;85
78;83;85
84;85;85
81;85;85
83;85;85
80;85;85
77;85;85
36;84;85
60;85;85
76;85;85
78;85;85
82;85;85
82;85;85
21;79;85
84;85;85
81;85;85
79;85;85
31;84;85
78;85;85
81;85;85
73;85;85
17;76;85
32;82;85
43;84;85
84;85;85
64;85;85
81;84;85
57;83;85
85;85;85
85;85;85
79;85;85
59;82;85
78;85;85
80;84;85
31;84;85
83;85;85
83;85;85
29;84;85
83;85;85
56;85;85
62;85;85
50;82;85
71;84;85
79;85;85
36;85;85
53;84;85
32;84;85
43;85;85
52;83;85
64;85;85
85;85;85
48;85;85
68;85;85
13;76;85
32;85;85
49;80;85
75;85;85
47;78;85
65;85;85
84;85;85
76;84;85
78;85;85
82;85;85
83;85;85
85;85;85
85;85;85
85;85;85
85;85;85
77;85;85
84;85;85
83;85;85
81;85;85
71;85;85
39;81;85
81;85;85
51;81;85
75;85;85
76;85;85
67;85;85
51;85;85
46;79;85
56;85;85
80;85;85
78;85;85
76;85;85
76;85;85
45;84;85
56;85;85
84;85;85
85;85;85
25;81;85
85;85;85
76;84;85
68;82;85
43;51;85
83;85;85
76;84;85
83;85;85
43;85;85
84;85;85
59;82;85
70;85;85
82;85;85
59;83;85
84;85;85
81;85;85
80;85;85
75;84;85
60;85;85
82;85;85
76;85;85
54;84;85
80;85;85
72;85;85
84;85;85
85;85;85
82;85;85
70;84;85
82;84;85
62;85;85
11;70;85
82;85;85
56;85;85
55;85;85
83;85;85
70;85;85
26;85;85
55;84;85
80;85;85
68;85;85
77;85;85
28;85;85
78;85;85
80;84;85
38;85;85
77;84;85
58;84;85
49;84;85
67;83;85
83;85;85
74;85;85
78;85;85
26;85;85
82;85;85
80;85;85
85;85;85
82;85;85
83;85;85
83;85;85
52;85;85
75;84;85
84;85;85
48;83;85
80;85;85
67;84;85
84;85;85
85;85;85
48;85;85
85;85;85
46;84;85
81;85;85
44;83;85
83;85;85
75;85;85
79;85;85
70;85;85
78;85;85
74;85;85
84;85;85
78;85;85
83;84;85
42;84;85
77;85;85
8;50;85
76;84;85
84;85;85
39;84;85
80;85;85
52;85;85
54;85;85
63;79;85
79;85;85
85;85;85
85;85;85
6;39;85
14;85;85
66;83;85
37;80;85
1;6;85
53;85;85
44;84;85
8;83;85
55;84;85
11;79;85
34;81;85
43;84;85
47;82;85
65;85;85
79;85;85
82;85;85
38;85;85
74;85;85
38;85;85
53;84;85
65;85;85
82;85;85
55;85;85
78;83;85
30;75;85
40;83;85
32;85;85
23;84;85
82;85;85
53;83;85
83;85;85
62;85;85
81;85;85
84;85;85
83;85;85
80;85;85
84;84;85
85;85;85
77;85;85
42;83;85
80;84;85
85;85;85
85;85;85
84;85;85
79;85;85
71;84;85
85;85;85
82;85;85
85;85;85
84;85;85
85;85;85
84;85;85
81;85;85
84;85;85
83;85;85
85;85;85
75;84;85
76;85;85
82;85;85
82;85;85
77;85;85
69;82;85
79;85;85
77;84;85
77;85;85
80;85;85
78;85;85
46;85;85
16;82;85
79;83;85
75;85;85
67;85;85
1;50;85
83;85;85
33;84;85
82;85;85
85;85;85
83;85;85
85;85;85
77;85;85
67;84;85
81;85;85
44;85;85
65;85;85
73;85;85
58;83;85
78;85;85
74;85;85
83;85;85
48;85;85
54;81;85
78;85;85
85;85;85
85;85;85
80;85;85
73;85;85
77;85;85
52;82;85
75;85;85
82;85;85
85;85;85
71;85;85
83;85;85
83;85;85
84;85;85
85;85;85
64;85;85
54;84;85
53;83;85
71;84;85
40;83;85
81;85;85
36;81;85
81;85;85
79;85;85
84;85;85
80;84;85
81;85;85
76;85;85
82;85;85
82;85;85
83;85;85
62;85;85
65;84;85
85;85;85
50;85;85
70;84;85
78;85;85
83;85;85
50;79;85
29;85;85
66;85;85
47;85;85
53;61;85
83;85;85
78;85;85
74;84;85
49;79;85
84;85;85
82;85;85
82;85;85
83;85;85
49;85;85
10;84;85
75;85;85
38;84;85
46;83;85
74;84;85
84;85;85
11;85;85
27;81;85
44;83;85
84;85;85
74;85;85
83;85;85
78;85;85
67;83;85
84;85;85
67;85;85
60;84;85
85;85;85
23;83;85
80;85;85
81;85;85
76;85;85
83;85;85
78;85;85
83;85;85
75;82;85
43;84;85
77;85;85
73;85;85
72;85;85
55;84;85
60;85;85
81;85;85
82;85;85
41;85;85
51;84;85
78;85;85
66;85;85
79;85;85
74;84;85
56;84;85
81;85;85
83;85;85
60;85;85
66;85;85
37;78;85
85;85;85
63;85;85
84;85;85
84;85;85
83;84;85
32;75;85
48;81;85
61;85;85
68;85;85
43;85;85
74;85;85
22;85;85
83;85;85
75;85;85
81;84;85
74;84;85
63;85;85
45;85;85
52;85;85
71;84;85
84;85;85
65;85;85
81;85;85
69;80;85
58;85;85
55;85;85
79;85;85
83;85;85
83;85;85
85;85;85
76;85;85
79;84;85
61;85;85
81;85;85
76;85;85
74;85;85
72;85;85
85;85;85
15;82;85
82;84;85
70;85;85
67;85;85
21;85;85
66;84;85
77;85;85
85;85;85
85;85;85
80;85;85
84;85;85
81;85;85
84;85;85
40;84;85
84;85;85
46;83;85
72;85;85
84;85;85
62;85;85
32;85;85
62;85;85
84;85;85
46;82;85
84;85;85
68;85;85
81;85;85
82;85;85
22;83;85
17;59;85
83;85;85
80;85;85
85;85;85
81;84;85
51;85;85
1;32;85
66;85;85
70;84;85
61;84;85
72;85;85
79;85;85
46;84;85
41;82;85
74;85;85
74;85;85
43;84;85
29;47;85
59;85;85
80;85;85
46;85;85
77;85;85
70;85;85
81;85;85
67;85;85
68;85;85
56;85;85
83;84;85
83;85;85
85;85;85
72;85;85
74;85;85
81;84;85
45;85;85
71;83;85
40;85;85
80;85;85
45;84;85
65;85;85
50;84;85
68;85;85
59;85;85
83;85;85
59;85;85
69;84;85
38;84;85
79;85;85
83;85;85
84;85;85
76;85;85
81;85;85
71;85;85
34;85;85
82;85;85
56;85;85
68;85;85
83;84;85
77;85;85
77;84;85
62;85;85
52;85;85
61;85;85
36;85;85
10;83;85
68;84;85
84;85;85
70;85;85
53;82;85
85;85;85
66;85;85
29;84;85
53;85;85
66;85;85
17;79;85
77;85;85
73;83;85
85;85;85
77;85;85
78;85;85
85;85;85
83;84;85
67;85;85
71;85;85
51;84;85
55;85;85
66;84;85
37;85;85
43;85;85
85;85;85
85;85;85
73;85;85
71;85;85
56;85;85
78;85;85
66;85;85
82;85;85
81;85;85
75;85;85
77;85;85
84;85;85
69;85;85
67;84;85
65;85;85
82;85;85
82;85;85
4;40;85
58;85;85
83;84;85
80;85;85
72;85;85
